año;departamento;municipio;cargo;fuerza_politica;representantes_electos;id_dep
2021;Chuquisaca;Azurduy;Alcalde;MAS-IPSP;1;1
2021;Chuquisaca;Azurduy;Concejales;BSTH;1;1
2021;Chuquisaca;Azurduy;Concejales;MAS-IPSP;4;1
2021;Chuquisaca;Camargo;Alcalde;MTS;1;1
2021;Chuquisaca;Camargo;Concejales;C-A;1;1
2021;Chuquisaca;Camargo;Concejales;MAS-IPSP;2;1
2021;Chuquisaca;Camargo;Concejales;MTS;3;1
2021;Chuquisaca;Camargo;Concejales;T.P.C.;1;1
2021;Chuquisaca;Camataqui Villa Abecia;Alcalde;MAS-IPSP;1;1
2021;Chuquisaca;Camataqui Villa Abecia;Concejales;CST;1;1
2021;Chuquisaca;Camataqui Villa Abecia;Concejales;MAS-IPSP;4;1
2021;Chuquisaca;Culpina;Alcalde;MAS-IPSP;1;1
2021;Chuquisaca;Culpina;Concejales;C-A;2;1
2021;Chuquisaca;Culpina;Concejales;CST;1;1
2021;Chuquisaca;Culpina;Concejales;MAS-IPSP;4;1
2021;Chuquisaca;El Villar;Alcalde;MAS-IPSP;1;1
2021;Chuquisaca;El Villar;Concejales;CST;2;1
2021;Chuquisaca;El Villar;Concejales;MAS-IPSP;3;1
2021;Chuquisaca;Huacareta;Alcalde;R-2025;1;1
2021;Chuquisaca;Huacareta;Concejales;MAS-IPSP;2;1
2021;Chuquisaca;Huacareta;Concejales;R-2025;3;1
2021;Chuquisaca;Huacaya;Alcalde;MAS-IPSP;1;1
2021;Chuquisaca;Huacaya;Concejales;CST;2;1
2021;Chuquisaca;Huacaya;Concejales;MAS-IPSP;3;1
2021;Chuquisaca;Incahuasi;Alcalde;MAS-IPSP;1;1
2021;Chuquisaca;Incahuasi;Concejales;CST;1;1
2021;Chuquisaca;Incahuasi;Concejales;MAS-IPSP;3;1
2021;Chuquisaca;Incahuasi;Concejales;MTS;1;1
2021;Chuquisaca;Las Carreras;Alcalde;MAS-IPSP;1;1
2021;Chuquisaca;Las Carreras;Concejales;CST;1;1
2021;Chuquisaca;Las Carreras;Concejales;MAS-IPSP;4;1
2021;Chuquisaca;Macharetí;Alcalde;MAS-IPSP;1;1
2021;Chuquisaca;Macharetí;Concejales;CST;2;1
2021;Chuquisaca;Macharetí;Concejales;CZM - APG;1;1
2021;Chuquisaca;Macharetí;Concejales;MAS-IPSP;2;1
2021;Chuquisaca;Monteagudo;Alcalde;MAS-IPSP;1;1
2021;Chuquisaca;Monteagudo;Concejales;MAS-IPSP;5;1
2021;Chuquisaca;Monteagudo;Concejales;UNIDOS;2;1
2021;Chuquisaca;Padilla;Alcalde;UNIDOS;1;1
2021;Chuquisaca;Padilla;Concejales;MAS-IPSP;2;1
2021;Chuquisaca;Padilla;Concejales;UNIDOS;3;1
2021;Chuquisaca;Poroma;Alcalde;MAS-IPSP;1;1
2021;Chuquisaca;Poroma;Concejales;BSTH;1;1
2021;Chuquisaca;Poroma;Concejales;MAS-IPSP;6;1
2021;Chuquisaca;Presto;Alcalde;MAS-IPSP;1;1
2021;Chuquisaca;Presto;Concejales;MAS-IPSP;4;1
2021;Chuquisaca;Presto;Concejales;MTS;1;1
2021;Chuquisaca;San Lucas;Alcalde;MAS-IPSP;1;1
2021;Chuquisaca;San Lucas;Concejales;;1;1
2021;Chuquisaca;San Lucas;Concejales;MAS-IPSP;5;1
2021;Chuquisaca;San Lucas;Concejales;MTS;1;1
2021;Chuquisaca;Sopachui;Alcalde;MAS-IPSP;1;1
2021;Chuquisaca;Sopachui;Concejales;CST;1;1
2021;Chuquisaca;Sopachui;Concejales;MAS-IPSP;4;1
2021;Chuquisaca;Sucre;Alcalde;MAS-IPSP;1;1
2021;Chuquisaca;Sucre;Concejales;C-A;1;1
2021;Chuquisaca;Sucre;Concejales;CST;1;1
2021;Chuquisaca;Sucre;Concejales;MAS-IPSP;4;1
2021;Chuquisaca;Sucre;Concejales;R-2025;4;1
2021;Chuquisaca;Sucre;Concejales;UNIDOS;1;1
2021;Chuquisaca;Tarabuco;Alcalde;MTS;1;1
2021;Chuquisaca;Tarabuco;Concejales;CST;1;1
2021;Chuquisaca;Tarabuco;Concejales;MAS-IPSP;3;1
2021;Chuquisaca;Tarabuco;Concejales;MTS;3;1
2021;Chuquisaca;Tarvita;Alcalde;CST;1;1
2021;Chuquisaca;Tarvita;Concejales;CST;3;1
2021;Chuquisaca;Tarvita;Concejales;MAS-IPSP;2;1
2021;Chuquisaca;Tomina;Alcalde;MAS-IPSP;1;1
2021;Chuquisaca;Tomina;Concejales;C-A;1;1
2021;Chuquisaca;Tomina;Concejales;MAS-IPSP;4;1
2021;Chuquisaca;Villa Alcalá;Alcalde;UNIDOS;1;1
2021;Chuquisaca;Villa Alcalá;Concejales;MAS-IPSP;2;1
2021;Chuquisaca;Villa Alcalá;Concejales;UNIDOS;3;1
2021;Chuquisaca;Villa Charcas;Alcalde;MAS-IPSP;1;1
2021;Chuquisaca;Villa Charcas;Concejales;CST;2;1
2021;Chuquisaca;Villa Charcas;Concejales;MAS-IPSP;5;1
2021;Chuquisaca;Villa Mojocoya;Alcalde;MAS-IPSP;1;1
2021;Chuquisaca;Villa Mojocoya;Concejales;MAS-IPSP;5;1
2021;Chuquisaca;Villa Ricardo Mugia - Icla;Alcalde;MAS-IPSP;1;1
2021;Chuquisaca;Villa Ricardo Mugia - Icla;Concejales;CST;1;1
2021;Chuquisaca;Villa Ricardo Mugia - Icla;Concejales;MAS-IPSP;3;1
2021;Chuquisaca;Villa Ricardo Mugia - Icla;Concejales;SOMHOS;1;1
2021;Chuquisaca;Villa Serrano;Alcalde;CST;1;1
2021;Chuquisaca;Villa Serrano;Concejales;CST;3;1
2021;Chuquisaca;Villa Serrano;Concejales;MAS-IPSP;2;1
2021;Chuquisaca;Villa Vaca Guzmán;Alcalde;UNIDOS;1;1
2021;Chuquisaca;Villa Vaca Guzmán;Concejales;CST;1;1
2021;Chuquisaca;Villa Vaca Guzmán;Concejales;MAS-IPSP;1;1
2021;Chuquisaca;Villa Vaca Guzmán;Concejales;UNIDOS;2;1
2021;Chuquisaca;Villa Vaca Guzmán;Concejales;UNIR-VILLA VACA GUZMÁN;1;1
2021;Chuquisaca;Villa Zudáñez;Alcalde;MAS-IPSP;1;1
2021;Chuquisaca;Villa Zudáñez;Concejales;CST;1;1
2021;Chuquisaca;Villa Zudáñez;Concejales;MAS-IPSP;4;1
2021;Chuquisaca;Yamparáez;Alcalde;MAS-IPSP;1;1
2021;Chuquisaca;Yamparáez;Concejales;C-A;1;1
2021;Chuquisaca;Yamparáez;Concejales;MAS-IPSP;4;1
2021;Chuquisaca;Yotala;Alcalde;MAS-IPSP;1;1
2021;Chuquisaca;Yotala;Concejales;CST;2;1
2021;Chuquisaca;Yotala;Concejales;MAS-IPSP;3;1
2021;La Paz;Achacachi;Alcalde;V;1;2
2021;La Paz;Achacachi;Concejales;MAS-IPSP;2;2
2021;La Paz;Achacachi;Concejales;MPS;2;2
2021;La Paz;Achacachi;Concejales;V;3;2
2021;La Paz;Achocalla;Alcalde;MAS-IPSP;1;2
2021;La Paz;Achocalla;Concejales;ASP;2;2
2021;La Paz;Achocalla;Concejales;MAS-IPSP;3;2
2021;La Paz;Achocalla;Concejales;PAN-BOL;2;2
2021;La Paz;Alto Beni;Alcalde;MAS-IPSP;1;2
2021;La Paz;Alto Beni;Concejales;J.A. LLALLA.L.P.;1;2
2021;La Paz;Alto Beni;Concejales;MAS-IPSP;4;2
2021;La Paz;Ancoraimes;Alcalde;MAS-IPSP;1;2
2021;La Paz;Ancoraimes;Concejales;ASP;1;2
2021;La Paz;Ancoraimes;Concejales;J.A. LLALLA.L.P.;1;2
2021;La Paz;Ancoraimes;Concejales;MAS-IPSP;2;2
2021;La Paz;Ancoraimes;Concejales;PDC;1;2
2021;La Paz;Apolo;Alcalde;UNIDOS;1;2
2021;La Paz;Apolo;Concejales;MAS-IPSP;3;2
2021;La Paz;Apolo;Concejales;SOL.BO;2;2
2021;La Paz;Apolo;Concejales;UNIDOS;2;2
2021;La Paz;Aucapata;Alcalde;V;1;2
2021;La Paz;Aucapata;Concejales;J.A. LLALLA.L.P.;2;2
2021;La Paz;Aucapata;Concejales;MAS-IPSP;1;2
2021;La Paz;Aucapata;Concejales;MTS;1;2
2021;La Paz;Aucapata;Concejales;V;1;2
2021;La Paz;Ayata;Alcalde;MTS;1;2
2021;La Paz;Ayata;Concejales;J.A. LLALLA.L.P.;1;2
2021;La Paz;Ayata;Concejales;MAS-IPSP;1;2
2021;La Paz;Ayata;Concejales;MPS;1;2
2021;La Paz;Ayata;Concejales;MTS;2;2
2021;La Paz;Ayo Ayo;Alcalde;MAS-IPSP;1;2
2021;La Paz;Ayo Ayo;Concejales;MAS-IPSP;4;2
2021;La Paz;Ayo Ayo;Concejales;V;1;2
2021;La Paz;Batallas;Alcalde;MAS-IPSP;1;2
2021;La Paz;Batallas;Concejales;J.A. LLALLA.L.P.;1;2
2021;La Paz;Batallas;Concejales;MAS-IPSP;3;2
2021;La Paz;Batallas;Concejales;PBCSP;1;2
2021;La Paz;Batallas;Concejales;PDC;2;2
2021;La Paz;Cairoma;Alcalde;MAS-IPSP;1;2
2021;La Paz;Cairoma;Concejales;J.A. LLALLA.L.P.;2;2
2021;La Paz;Cairoma;Concejales;MAS-IPSP;2;2
2021;La Paz;Cairoma;Concejales;MTS;1;2
2021;La Paz;Cajuata;Alcalde;MAS-IPSP;1;2
2021;La Paz;Cajuata;Concejales;J.A. LLALLA.L.P.;1;2
2021;La Paz;Cajuata;Concejales;MAS-IPSP;2;2
2021;La Paz;Cajuata;Concejales;MTS;1;2
2021;La Paz;Cajuata;Concejales;NPIOC - AFROBOLIVIANO;1;2
2021;La Paz;Calacoto;Alcalde;MAS-IPSP;1;2
2021;La Paz;Calacoto;Concejales;ASP;1;2
2021;La Paz;Calacoto;Concejales;CUMI;1;2
2021;La Paz;Calacoto;Concejales;J.A. LLALLA.L.P.;1;2
2021;La Paz;Calacoto;Concejales;MAS-IPSP;1;2
2021;La Paz;Calacoto;Concejales;MPS;1;2
2021;La Paz;Calamarca;Alcalde;MAS-IPSP;1;2
2021;La Paz;Calamarca;Concejales;MAS-IPSP;3;2
2021;La Paz;Calamarca;Concejales;MTS;1;2
2021;La Paz;Calamarca;Concejales;SOL.BO;1;2
2021;La Paz;Caquiaviri;Alcalde;MAS-IPSP;1;2
2021;La Paz;Caquiaviri;Concejales;MAS-IPSP;3;2
2021;La Paz;Caquiaviri;Concejales;ML (MARKANAKAS LAYKU);1;2
2021;La Paz;Caquiaviri;Concejales;V;1;2
2021;La Paz;Caranavi;Alcalde;MAS-IPSP;1;2
2021;La Paz;Caranavi;Concejales;J.A. LLALLA.L.P.;2;2
2021;La Paz;Caranavi;Concejales;MAS-IPSP;5;2
2021;La Paz;Caranavi;Concejales;MPS;1;2
2021;La Paz;Caranavi;Concejales;V;1;2
2021;La Paz;Catacora;Alcalde;MAS-IPSP;1;2
2021;La Paz;Catacora;Concejales;J.A. LLALLA.L.P.;2;2
2021;La Paz;Catacora;Concejales;MAS-IPSP;3;2
2021;La Paz;Chacarilla;Alcalde;PDC;1;2
2021;La Paz;Chacarilla;Concejales;J.A. LLALLA.L.P.;1;2
2021;La Paz;Chacarilla;Concejales;MAS-IPSP;1;2
2021;La Paz;Chacarilla;Concejales;PDC;2;2
2021;La Paz;Chacarilla;Concejales;V;1;2
2021;La Paz;Charazani;Alcalde;MAS-IPSP;1;2
2021;La Paz;Charazani;Concejales;J.A. LLALLA.L.P.;1;2
2021;La Paz;Charazani;Concejales;MAS-IPSP;2;2
2021;La Paz;Charazani;Concejales;MTS;1;2
2021;La Paz;Charazani;Concejales;PBCSP;1;2
2021;La Paz;Charaña;Alcalde;ASP;1;2
2021;La Paz;Charaña;Concejales;ASP;3;2
2021;La Paz;Charaña;Concejales;MAS-IPSP;1;2
2021;La Paz;Charaña;Concejales;V;1;2
2021;La Paz;Chua Cocani;Alcalde;MAS-IPSP;1;2
2021;La Paz;Chua Cocani;Concejales;ASP;1;2
2021;La Paz;Chua Cocani;Concejales;J.A. LLALLA.L.P.;1;2
2021;La Paz;Chua Cocani;Concejales;MAS-IPSP;2;2
2021;La Paz;Chua Cocani;Concejales;PDC;1;2
2021;La Paz;Chulumani;Alcalde;MAS-IPSP;1;2
2021;La Paz;Chulumani;Concejales;ADEPCOCA;1;2
2021;La Paz;Chulumani;Concejales;C-A;1;2
2021;La Paz;Chulumani;Concejales;FPV;1;2
2021;La Paz;Chulumani;Concejales;MAS-IPSP;3;2
2021;La Paz;Chulumani;Concejales;PAN-BOL;1;2
2021;La Paz;Chuma;Alcalde;MAS-IPSP;1;2
2021;La Paz;Chuma;Concejales;ASP;1;2
2021;La Paz;Chuma;Concejales;J.A. LLALLA.L.P.;1;2
2021;La Paz;Chuma;Concejales;MAS-IPSP;1;2
2021;La Paz;Chuma;Concejales;PAN-BOL;1;2
2021;La Paz;Chuma;Concejales;V;1;2
2021;La Paz;Collana;Alcalde;MAS-IPSP;1;2
2021;La Paz;Collana;Concejales;MAS-IPSP;3;2
2021;La Paz;Collana;Concejales;UN;1;2
2021;La Paz;Collana;Concejales;V;1;2
2021;La Paz;Colquencha;Alcalde;MAS-IPSP;1;2
2021;La Paz;Colquencha;Concejales;J.A. LLALLA.L.P.;2;2
2021;La Paz;Colquencha;Concejales;MAS-IPSP;2;2
2021;La Paz;Colquencha;Concejales;MTS;1;2
2021;La Paz;Colquiri;Alcalde;MAS-IPSP;1;2
2021;La Paz;Colquiri;Concejales;J.A. LLALLA.L.P.;1;2
2021;La Paz;Colquiri;Concejales;MAS-IPSP;3;2
2021;La Paz;Colquiri;Concejales;MTS;1;2
2021;La Paz;Colquiri;Concejales;PAN-BOL;1;2
2021;La Paz;Colquiri;Concejales;V;1;2
2021;La Paz;Comanche;Alcalde;MAS-IPSP;1;2
2021;La Paz;Comanche;Concejales;J.A. LLALLA.L.P.;1;2
2021;La Paz;Comanche;Concejales;MAS-IPSP;2;2
2021;La Paz;Comanche;Concejales;MTS;1;2
2021;La Paz;Comanche;Concejales;V;1;2
2021;La Paz;Combaya;Alcalde;V;1;2
2021;La Paz;Combaya;Concejales;MAS-IPSP;1;2
2021;La Paz;Combaya;Concejales;V;4;2
2021;La Paz;Copacabana;Alcalde;V;1;2
2021;La Paz;Copacabana;Concejales;MAS-IPSP;2;2
2021;La Paz;Copacabana;Concejales;MPS;1;2
2021;La Paz;Copacabana;Concejales;V;2;2
2021;La Paz;Coripata;Alcalde;MAS-IPSP;1;2
2021;La Paz;Coripata;Concejales;ADEPCOCA;1;2
2021;La Paz;Coripata;Concejales;J.A. LLALLA.L.P.;2;2
2021;La Paz;Coripata;Concejales;MAS-IPSP;4;2
2021;La Paz;Corocoro;Alcalde;MTS;1;2
2021;La Paz;Corocoro;Concejales;J.A. LLALLA.L.P.;1;2
2021;La Paz;Corocoro;Concejales;MAS-IPSP;2;2
2021;La Paz;Corocoro;Concejales;MPS;1;2
2021;La Paz;Corocoro;Concejales;MTS;1;2
2021;La Paz;Coroico;Alcalde;MAS-IPSP;1;2
2021;La Paz;Coroico;Concejales;ADEPCOCA;1;2
2021;La Paz;Coroico;Concejales;J.A. LLALLA.L.P.;1;2
2021;La Paz;Coroico;Concejales;MAS-IPSP;3;2
2021;La Paz;Coroico;Concejales;MPS;1;2
2021;La Paz;Coroico;Concejales;PAN-BOL;1;2
2021;La Paz;Curva;Alcalde;MAS-IPSP;1;2
2021;La Paz;Curva;Concejales;J.A. LLALLA.L.P.;1;2
2021;La Paz;Curva;Concejales;MAS-IPSP;3;2
2021;La Paz;Curva;Concejales;MTS;1;2
2021;La Paz;Desaguadero;Alcalde;MAS-IPSP;1;2
2021;La Paz;Desaguadero;Concejales;MAS-IPSP;3;2
2021;La Paz;Desaguadero;Concejales;MTS;2;2
2021;La Paz;El Alto;Alcalde;J.A. LLALLA.L.P.;1;2
2021;La Paz;El Alto;Concejales;J.A. LLALLA.L.P.;8;2
2021;La Paz;El Alto;Concejales;MAS-IPSP;3;2
2021;La Paz;Escoma;Alcalde;MPS;1;2
2021;La Paz;Escoma;Concejales;J.A. LLALLA.L.P.;1;2
2021;La Paz;Escoma;Concejales;MAS-IPSP;2;2
2021;La Paz;Escoma;Concejales;MPS;1;2
2021;La Paz;Escoma;Concejales;MTS;1;2
2021;La Paz;Guanay;Alcalde;MAS-IPSP;1;2
2021;La Paz;Guanay;Concejales;MAS-IPSP;3;2
2021;La Paz;Guanay;Concejales;MTS;1;2
2021;La Paz;Guanay;Concejales;PBCSP;1;2
2021;La Paz;Huarina;Alcalde;MAS-IPSP;1;2
2021;La Paz;Huarina;Concejales;ASP;1;2
2021;La Paz;Huarina;Concejales;J.A. LLALLA.L.P.;1;2
2021;La Paz;Huarina;Concejales;MAS-IPSP;2;2
2021;La Paz;Huarina;Concejales;MTS;1;2
2021;La Paz;Huatajata;Alcalde;MAS-IPSP;1;2
2021;La Paz;Huatajata;Concejales;J.A. LLALLA.L.P.;1;2
2021;La Paz;Huatajata;Concejales;MAS-IPSP;2;2
2021;La Paz;Huatajata;Concejales;MTS;1;2
2021;La Paz;Huatajata;Concejales;V;1;2
2021;La Paz;Humanata;Alcalde;MAS-IPSP;1;2
2021;La Paz;Humanata;Concejales;ASP;1;2
2021;La Paz;Humanata;Concejales;J.A. LLALLA.L.P.;1;2
2021;La Paz;Humanata;Concejales;MAS-IPSP;2;2
2021;La Paz;Humanata;Concejales;MTS;1;2
2021;La Paz;Ichoca;Alcalde;MAS-IPSP;1;2
2021;La Paz;Ichoca;Concejales;J.A. LLALLA.L.P.;1;2
2021;La Paz;Ichoca;Concejales;MAS-IPSP;3;2
2021;La Paz;Ichoca;Concejales;MPS;1;2
2021;La Paz;Inquisivi;Alcalde;MAS-IPSP;1;2
2021;La Paz;Inquisivi;Concejales;J.A. LLALLA.L.P.;2;2
2021;La Paz;Inquisivi;Concejales;MAS-IPSP;3;2
2021;La Paz;Irupana;Alcalde;MAS-IPSP;1;2
2021;La Paz;Irupana;Concejales;C-A;1;2
2021;La Paz;Irupana;Concejales;J.A. LLALLA.L.P.;2;2
2021;La Paz;Irupana;Concejales;MAS-IPSP;3;2
2021;La Paz;Irupana;Concejales;PDC;1;2
2021;La Paz;Ixiamas;Alcalde;MAS-IPSP;1;2
2021;La Paz;Ixiamas;Concejales;J.A. LLALLA.L.P.;1;2
2021;La Paz;Ixiamas;Concejales;MAS-IPSP;2;2
2021;La Paz;Ixiamas;Concejales;MPS;1;2
2021;La Paz;Ixiamas;Concejales;MTS;1;2
2021;La Paz;Jesús de Machaka;Alcalde;MACOJMA;1;2
2021;La Paz;Jesús de Machaka;Concejales;MACOJMA;3;2
2021;La Paz;Jesús de Machaka;Concejales;MAS-IPSP;2;2
2021;La Paz;Jesús de Machaka;Concejales;MPS;1;2
2021;La Paz;Jesús de Machaka;Concejales;MTS;1;2
2021;La Paz;La (Marka) San Andrés de Machaca;Alcalde;CAOSAM;1;2
2021;La Paz;La (Marka) San Andrés de Machaca;Concejales;CAOSAM;2;2
2021;La Paz;La (Marka) San Andrés de Machaca;Concejales;J.A. LLALLA.L.P.;1;2
2021;La Paz;La (Marka) San Andrés de Machaca;Concejales;MAS-IPSP;2;2
2021;La Paz;La Asunta;Alcalde;MAS-IPSP;1;2
2021;La Paz;La Asunta;Concejales;MAS-IPSP;4;2
2021;La Paz;La Asunta;Concejales;PBCSP;1;2
2021;La Paz;La Asunta;Concejales;V;2;2
2021;La Paz;Laja;Alcalde;MAS-IPSP;1;2
2021;La Paz;Laja;Concejales;MAS-IPSP;4;2
2021;La Paz;Laja;Concejales;MPS;2;2
2021;La Paz;Laja;Concejales;V;1;2
2021;La Paz;Luribay;Alcalde;MAS-IPSP;1;2
2021;La Paz;Luribay;Concejales;ASP;1;2
2021;La Paz;Luribay;Concejales;J.A. LLALLA.L.P.;1;2
2021;La Paz;Luribay;Concejales;MAS-IPSP;1;2
2021;La Paz;Luribay;Concejales;MIDELUR;1;2
2021;La Paz;Luribay;Concejales;V;1;2
2021;La Paz;Malla;Alcalde;MAS-IPSP;1;2
2021;La Paz;Malla;Concejales;J.A. LLALLA.L.P.;2;2
2021;La Paz;Malla;Concejales;MAS-IPSP;3;2
2021;La Paz;Mapiri;Alcalde;MAS-IPSP;1;2
2021;La Paz;Mapiri;Concejales;MAS-IPSP;3;2
2021;La Paz;Mapiri;Concejales;MPS;1;2
2021;La Paz;Mapiri;Concejales;MTS;1;2
2021;La Paz;Mecapaca;Alcalde;MAS-IPSP;1;2
2021;La Paz;Mecapaca;Concejales;ASP;1;2
2021;La Paz;Mecapaca;Concejales;J.A. LLALLA.L.P.;1;2
2021;La Paz;Mecapaca;Concejales;MAS-IPSP;3;2
2021;La Paz;Mecapaca;Concejales;MPS;2;2
2021;La Paz;Mocomoco;Alcalde;MAS-IPSP;1;2
2021;La Paz;Mocomoco;Concejales;ASP;1;2
2021;La Paz;Mocomoco;Concejales;J.A. LLALLA.L.P.;1;2
2021;La Paz;Mocomoco;Concejales;MAS-IPSP;2;2
2021;La Paz;Mocomoco;Concejales;PBCSP;1;2
2021;La Paz;Mocomoco;Concejales;PDC;1;2
2021;La Paz;Mocomoco;Concejales;V;1;2
2021;La Paz;Nazacara de Pacajes;Alcalde;MAS-IPSP;1;2
2021;La Paz;Nazacara de Pacajes;Concejales;MAS-IPSP;5;2
2021;La Paz;Nuestra Señora de La Paz;Alcalde;PBCSP;1;2
2021;La Paz;Nuestra Señora de La Paz;Concejales;MAS-IPSP;5;2
2021;La Paz;Nuestra Señora de La Paz;Concejales;PBCSP;6;2
2021;La Paz;Palca;Alcalde;MAS-IPSP;1;2
2021;La Paz;Palca;Concejales;J.A. LLALLA.L.P.;1;2
2021;La Paz;Palca;Concejales;MAS-IPSP;4;2
2021;La Paz;Palca;Concejales;MCP-NG;1;2
2021;La Paz;Palca;Concejales;MPS;1;2
2021;La Paz;Palos Blancos;Alcalde;MAS-IPSP;1;2
2021;La Paz;Palos Blancos;Concejales;FPV;1;2
2021;La Paz;Palos Blancos;Concejales;MAS-IPSP;5;2
2021;La Paz;Palos Blancos;Concejales;V;1;2
2021;La Paz;Papel Pampa;Alcalde;MAS-IPSP;1;2
2021;La Paz;Papel Pampa;Concejales;J.A. LLALLA.L.P.;1;2
2021;La Paz;Papel Pampa;Concejales;MAS-IPSP;2;2
2021;La Paz;Papel Pampa;Concejales;MTS;1;2
2021;La Paz;Papel Pampa;Concejales;V;1;2
2021;La Paz;Patacamaya;Alcalde;MAS-IPSP;1;2
2021;La Paz;Patacamaya;Concejales;FPV;1;2
2021;La Paz;Patacamaya;Concejales;J.A. LLALLA.L.P.;1;2
2021;La Paz;Patacamaya;Concejales;MAS-IPSP;3;2
2021;La Paz;Patacamaya;Concejales;PDC;2;2
2021;La Paz;Pelechuco;Alcalde;MAS-IPSP;1;2
2021;La Paz;Pelechuco;Concejales;ASP;1;2
2021;La Paz;Pelechuco;Concejales;J.A. LLALLA.L.P.;1;2
2021;La Paz;Pelechuco;Concejales;MAS-IPSP;3;2
2021;La Paz;Pucarani;Alcalde;MAS-IPSP;1;2
2021;La Paz;Pucarani;Concejales;J.A. LLALLA.L.P.;1;2
2021;La Paz;Pucarani;Concejales;MAS-IPSP;3;2
2021;La Paz;Pucarani;Concejales;MPS;1;2
2021;La Paz;Pucarani;Concejales;V;2;2
2021;La Paz;Puerto Acosta;Alcalde;V;1;2
2021;La Paz;Puerto Acosta;Concejales;J.A. LLALLA.L.P.;1;2
2021;La Paz;Puerto Acosta;Concejales;MAS-IPSP;2;2
2021;La Paz;Puerto Acosta;Concejales;PAN-BOL;1;2
2021;La Paz;Puerto Acosta;Concejales;V;1;2
2021;La Paz;Puerto Mayor de Carabuco;Alcalde;MAS-IPSP;1;2
2021;La Paz;Puerto Mayor de Carabuco;Concejales;ASP;1;2
2021;La Paz;Puerto Mayor de Carabuco;Concejales;MAS-IPSP;2;2
2021;La Paz;Puerto Mayor de Carabuco;Concejales;MTS;1;2
2021;La Paz;Puerto Mayor de Carabuco;Concejales;TS;1;2
2021;La Paz;Puerto Mayor de Guaqui;Alcalde;MAS-IPSP;1;2
2021;La Paz;Puerto Mayor de Guaqui;Concejales;ASP;1;2
2021;La Paz;Puerto Mayor de Guaqui;Concejales;MAS-IPSP;2;2
2021;La Paz;Puerto Mayor de Guaqui;Concejales;MPS;1;2
2021;La Paz;Puerto Mayor de Guaqui;Concejales;V;1;2
2021;La Paz;Puerto Pérez;Alcalde;FPV;1;2
2021;La Paz;Puerto Pérez;Concejales;FPV;1;2
2021;La Paz;Puerto Pérez;Concejales;MAS-IPSP;1;2
2021;La Paz;Puerto Pérez;Concejales;MPS;1;2
2021;La Paz;Puerto Pérez;Concejales;PBCSP;2;2
2021;La Paz;Quiabaya;Alcalde;MAS-IPSP;1;2
2021;La Paz;Quiabaya;Concejales;J.A. LLALLA.L.P.;1;2
2021;La Paz;Quiabaya;Concejales;MAS-IPSP;4;2
2021;La Paz;Quime;Alcalde;J.A. LLALLA.L.P.;1;2
2021;La Paz;Quime;Concejales;J.A. LLALLA.L.P.;2;2
2021;La Paz;Quime;Concejales;MAS-IPSP;3;2
2021;La Paz;San Buenaventura;Alcalde;MPS;1;2
2021;La Paz;San Buenaventura;Concejales;J.A. LLALLA.L.P.;1;2
2021;La Paz;San Buenaventura;Concejales;MAS-IPSP;2;2
2021;La Paz;San Buenaventura;Concejales;MPS;2;2
2021;La Paz;San Pedro de Curahuara;Alcalde;MAS-IPSP;1;2
2021;La Paz;San Pedro de Curahuara;Concejales;J.A. LLALLA.L.P.;1;2
2021;La Paz;San Pedro de Curahuara;Concejales;MAS-IPSP;4;2
2021;La Paz;San Pedro de Tiquina;Alcalde;ASP;1;2
2021;La Paz;San Pedro de Tiquina;Concejales;ASP;1;2
2021;La Paz;San Pedro de Tiquina;Concejales;J.A. LLALLA.L.P.;2;2
2021;La Paz;San Pedro de Tiquina;Concejales;MAS-IPSP;1;2
2021;La Paz;San Pedro de Tiquina;Concejales;MTS;1;2
2021;La Paz;Santiago de Callapa;Alcalde;MAS-IPSP;1;2
2021;La Paz;Santiago de Callapa;Concejales;MAS-IPSP;3;2
2021;La Paz;Santiago de Callapa;Concejales;MK - PC;1;2
2021;La Paz;Santiago de Callapa;Concejales;MTS;1;2
2021;La Paz;Santiago de Huata;Alcalde;V;1;2
2021;La Paz;Santiago de Huata;Concejales;MAS-IPSP;3;2
2021;La Paz;Santiago de Huata;Concejales;V;2;2
2021;La Paz;Santiago de Machaca;Alcalde;MAS-IPSP;1;2
2021;La Paz;Santiago de Machaca;Concejales;J.A. LLALLA.L.P.;2;2
2021;La Paz;Santiago de Machaca;Concejales;MAS-IPSP;3;2
2021;La Paz;Sapahaqui;Alcalde;MAS-IPSP;1;2
2021;La Paz;Sapahaqui;Concejales;J.A. LLALLA.L.P.;1;2
2021;La Paz;Sapahaqui;Concejales;MAS-IPSP;2;2
2021;La Paz;Sapahaqui;Concejales;MPS;1;2
2021;La Paz;Sapahaqui;Concejales;V;1;2
2021;La Paz;Sicasica;Alcalde;MAS-IPSP;1;2
2021;La Paz;Sicasica;Concejales;J.A. LLALLA.L.P.;2;2
2021;La Paz;Sicasica;Concejales;MAS-IPSP;4;2
2021;La Paz;Sicasica;Concejales;MTS;1;2
2021;La Paz;Sorata;Alcalde;MAS-IPSP;1;2
2021;La Paz;Sorata;Concejales;J.A. LLALLA.L.P.;2;2
2021;La Paz;Sorata;Concejales;MAS-IPSP;3;2
2021;La Paz;Sorata;Concejales;V;2;2
2021;La Paz;Tacacoma;Alcalde;J.A. LLALLA.L.P.;1;2
2021;La Paz;Tacacoma;Concejales;J.A. LLALLA.L.P.;3;2
2021;La Paz;Tacacoma;Concejales;MAS-IPSP;2;2
2021;La Paz;Taraco;Alcalde;CAOTM;1;2
2021;La Paz;Taraco;Concejales;CAOTM;2;2
2021;La Paz;Taraco;Concejales;J.A. LLALLA.L.P.;2;2
2021;La Paz;Taraco;Concejales;MAS-IPSP;1;2
2021;La Paz;Teoponte;Alcalde;MAS-IPSP;1;2
2021;La Paz;Teoponte;Concejales;J.A. LLALLA.L.P.;1;2
2021;La Paz;Teoponte;Concejales;MAS-IPSP;2;2
2021;La Paz;Teoponte;Concejales;MTS;1;2
2021;La Paz;Teoponte;Concejales;UN;1;2
2021;La Paz;Tiahuanacu;Alcalde;MAS-IPSP;1;2
2021;La Paz;Tiahuanacu;Concejales;J.A. LLALLA.L.P.;2;2
2021;La Paz;Tiahuanacu;Concejales;MAS-IPSP;3;2
2021;La Paz;Tipuani;Alcalde;ASP;1;2
2021;La Paz;Tipuani;Concejales;ASP;1;2
2021;La Paz;Tipuani;Concejales;MAS-IPSP;2;2
2021;La Paz;Tipuani;Concejales;MPS;1;2
2021;La Paz;Tipuani;Concejales;PBCSP;1;2
2021;La Paz;Tito Yupanqui;Alcalde;MAS-IPSP;1;2
2021;La Paz;Tito Yupanqui;Concejales;J.A. LLALLA.L.P.;1;2
2021;La Paz;Tito Yupanqui;Concejales;MAS-IPSP;2;2
2021;La Paz;Tito Yupanqui;Concejales;V;2;2
2021;La Paz;Umala;Alcalde;MAS-IPSP;1;2
2021;La Paz;Umala;Concejales;J.A. LLALLA.L.P.;2;2
2021;La Paz;Umala;Concejales;MAS-IPSP;2;2
2021;La Paz;Umala;Concejales;MTS;1;2
2021;La Paz;Viacha;Alcalde;MAS-IPSP;1;2
2021;La Paz;Viacha;Concejales;J.A. LLALLA.L.P.;2;2
2021;La Paz;Viacha;Concejales;MAS-IPSP;5;2
2021;La Paz;Viacha;Concejales;UN;2;2
2021;La Paz;Viacha;Concejales;V;1;2
2021;La Paz;Villa Libertad Licoma;Alcalde;MAS-IPSP;1;2
2021;La Paz;Villa Libertad Licoma;Concejales;C 2000;1;2
2021;La Paz;Villa Libertad Licoma;Concejales;MAS-IPSP;4;2
2021;La Paz;Waldo Ballivián;Alcalde;MAS-IPSP;1;2
2021;La Paz;Waldo Ballivián;Concejales;MAS-IPSP;3;2
2021;La Paz;Waldo Ballivián;Concejales;MTS;2;2
2021;La Paz;Yaco;Alcalde;J.A. LLALLA.L.P.;1;2
2021;La Paz;Yaco;Concejales;ASP;2;2
2021;La Paz;Yaco;Concejales;J.A. LLALLA.L.P.;2;2
2021;La Paz;Yaco;Concejales;MAS-IPSP;1;2
2021;La Paz;Yanacachi;Alcalde;MAS-IPSP;1;2
2021;La Paz;Yanacachi;Concejales;MAS-IPSP;3;2
2021;La Paz;Yanacachi;Concejales;MYP;2;2
2021;Cochabamba;Aiquile;Alcalde;MAS-IPSP;1;3
2021;Cochabamba;Aiquile;Concejales;MAS-IPSP;5;3
2021;Cochabamba;Aiquile;Concejales;UNPA;2;3
2021;Cochabamba;Alalay;Alcalde;MAS-IPSP;1;3
2021;Cochabamba;Alalay;Concejales;MAS-IPSP;5;3
2021;Cochabamba;Anzaldo;Alcalde;MAS-IPSP;1;3
2021;Cochabamba;Anzaldo;Concejales;MAS-IPSP;4;3
2021;Cochabamba;Anzaldo;Concejales;SUMATE;1;3
2021;Cochabamba;Arani;Alcalde;MAS-IPSP;1;3
2021;Cochabamba;Arani;Concejales;C-A;1;3
2021;Cochabamba;Arani;Concejales;MAS-IPSP;3;3
2021;Cochabamba;Arani;Concejales;MTS;1;3
2021;Cochabamba;Arbieto;Alcalde;MAS-IPSP;1;3
2021;Cochabamba;Arbieto;Concejales;MAS-IPSP;5;3
2021;Cochabamba;Arbieto;Concejales;MTS;2;3
2021;Cochabamba;Arque;Alcalde;MAS-IPSP;1;3
2021;Cochabamba;Arque;Concejales;MAS-IPSP;5;3
2021;Cochabamba;Ayopaya (Villa de Independencia);Alcalde;MAS-IPSP;1;3
2021;Cochabamba;Ayopaya (Villa de Independencia);Concejales;MAS-IPSP;6;3
2021;Cochabamba;Ayopaya (Villa de Independencia);Concejales;MTS;1;3
2021;Cochabamba;Bolívar;Alcalde;MAS-IPSP;1;3
2021;Cochabamba;Bolívar;Concejales;MAS-IPSP;5;3
2021;Cochabamba;Capinota;Alcalde;MAS-IPSP;1;3
2021;Cochabamba;Capinota;Concejales;MAS-IPSP;4;3
2021;Cochabamba;Capinota;Concejales;MTS;3;3
2021;Cochabamba;Chimoré;Alcalde;MAS-IPSP;1;3
2021;Cochabamba;Chimoré;Concejales;MAS-IPSP;6;3
2021;Cochabamba;Chimoré;Concejales;MTS;1;3
2021;Cochabamba;Cliza;Alcalde;MTS;1;3
2021;Cochabamba;Cliza;Concejales;MAS-IPSP;2;3
2021;Cochabamba;Cliza;Concejales;MTS;2;3
2021;Cochabamba;Cliza;Concejales;UPC;3;3
2021;Cochabamba;Cocapata;Alcalde;MAS-IPSP;1;3
2021;Cochabamba;Cocapata;Concejales;MAS-IPSP;7;3
2021;Cochabamba;Cochabamba;Alcalde;SUMATE;1;3
2021;Cochabamba;Cochabamba;Concejales;MAS-IPSP;4;3
2021;Cochabamba;Cochabamba;Concejales;SUMATE;7;3
2021;Cochabamba;Colcapirhua;Alcalde;C-A;1;3
2021;Cochabamba;Colcapirhua;Concejales;C-A;2;3
2021;Cochabamba;Colcapirhua;Concejales;MAS-IPSP;3;3
2021;Cochabamba;Colcapirhua;Concejales;MTS;1;3
2021;Cochabamba;Colcapirhua;Concejales;SUMATE;2;3
2021;Cochabamba;Colcapirhua;Concejales;UCS;1;3
2021;Cochabamba;Colomi;Alcalde;MAS-IPSP;1;3
2021;Cochabamba;Colomi;Concejales;MAS-IPSP;5;3
2021;Cochabamba;Colomi;Concejales;MTS;2;3
2021;Cochabamba;Entre Ríos;Alcalde;MAS-IPSP;1;3
2021;Cochabamba;Entre Ríos;Concejales;MAS-IPSP;6;3
2021;Cochabamba;Entre Ríos;Concejales;MTS;1;3
2021;Cochabamba;Mizque;Alcalde;MAS-IPSP;1;3
2021;Cochabamba;Mizque;Concejales;MAS-IPSP;6;3
2021;Cochabamba;Mizque;Concejales;UNIDOS.CBBA;1;3
2021;Cochabamba;Morochata;Alcalde;MAS-IPSP;1;3
2021;Cochabamba;Morochata;Concejales;MAS-IPSP;5;3
2021;Cochabamba;Omereque;Alcalde;MAS-IPSP;1;3
2021;Cochabamba;Omereque;Concejales;MAS-IPSP;4;3
2021;Cochabamba;Omereque;Concejales;SUMATE;1;3
2021;Cochabamba;Pasorapa;Alcalde;MAS-IPSP;1;3
2021;Cochabamba;Pasorapa;Concejales;MAS-IPSP;2;3
2021;Cochabamba;Pasorapa;Concejales;SOMOS;2;3
2021;Cochabamba;Pasorapa;Concejales;SUMATE;1;3
2021;Cochabamba;Pocona;Alcalde;MAS-IPSP;1;3
2021;Cochabamba;Pocona;Concejales;MAS-IPSP;5;3
2021;Cochabamba;Pojo;Alcalde;MAS-IPSP;1;3
2021;Cochabamba;Pojo;Concejales;MAS-IPSP;5;3
2021;Cochabamba;Puerto Villarroel;Alcalde;MAS-IPSP;1;3
2021;Cochabamba;Puerto Villarroel;Concejales;MAS-IPSP;7;3
2021;Cochabamba;Punata;Alcalde;MAS-IPSP;1;3
2021;Cochabamba;Punata;Concejales;MAS-IPSP;5;3
2021;Cochabamba;Punata;Concejales;P.D.C;2;3
2021;Cochabamba;Quillacollo;Alcalde;UNE;1;3
2021;Cochabamba;Quillacollo;Concejales;MAS-IPSP;5;3
2021;Cochabamba;Quillacollo;Concejales;SUMATE;1;3
2021;Cochabamba;Quillacollo;Concejales;UNE;5;3
2021;Cochabamba;Sacaba;Alcalde;MAS-IPSP;1;3
2021;Cochabamba;Sacaba;Concejales;FPV;1;3
2021;Cochabamba;Sacaba;Concejales;MAS-IPSP;5;3
2021;Cochabamba;Sacaba;Concejales;MTS;3;3
2021;Cochabamba;Sacaba;Concejales;SUMATE;2;3
2021;Cochabamba;Sacabamba;Alcalde;MAS-IPSP;1;3
2021;Cochabamba;Sacabamba;Concejales;MAS-IPSP;5;3
2021;Cochabamba;San Benito (Villa José Quintín Mendoza);Alcalde;MAS-IPSP;1;3
2021;Cochabamba;San Benito (Villa José Quintín Mendoza);Concejales;ARI;2;3
2021;Cochabamba;San Benito (Villa José Quintín Mendoza);Concejales;MAS-IPSP;3;3
2021;Cochabamba;Santivañez;Alcalde;MAS-IPSP;1;3
2021;Cochabamba;Santivañez;Concejales;MAS-IPSP;4;3
2021;Cochabamba;Santivañez;Concejales;SUMATE;1;3
2021;Cochabamba;Shinahota;Alcalde;MAS-IPSP;1;3
2021;Cochabamba;Shinahota;Concejales;MAS-IPSP;7;3
2021;Cochabamba;Sicaya;Alcalde;MAS-IPSP;1;3
2021;Cochabamba;Sicaya;Concejales;MAS-IPSP;5;3
2021;Cochabamba;Sipe Sipe;Alcalde;MAS-IPSP;1;3
2021;Cochabamba;Sipe Sipe;Concejales;MAS-IPSP;4;3
2021;Cochabamba;Sipe Sipe;Concejales;SUMATE;1;3
2021;Cochabamba;Sipe Sipe;Concejales;UNIDOS.CBBA;2;3
2021;Cochabamba;Tacachi;Alcalde;FPV;1;3
2021;Cochabamba;Tacachi;Concejales;FPV;2;3
2021;Cochabamba;Tacachi;Concejales;MAS-IPSP;2;3
2021;Cochabamba;Tacachi;Concejales;MTS;1;3
2021;Cochabamba;Tacopaya;Alcalde;MAS-IPSP;1;3
2021;Cochabamba;Tacopaya;Concejales;MAS-IPSP;5;3
2021;Cochabamba;Tapacarí;Alcalde;MAS-IPSP;1;3
2021;Cochabamba;Tapacarí;Concejales;MAS-IPSP;7;3
2021;Cochabamba;Tarata;Alcalde;MAS-IPSP;1;3
2021;Cochabamba;Tarata;Concejales;MAS-IPSP;3;3
2021;Cochabamba;Tarata;Concejales;SUMATE;2;3
2021;Cochabamba;Tiquipaya;Alcalde;MAS-IPSP;1;3
2021;Cochabamba;Tiquipaya;Concejales;MAS-IPSP;4;3
2021;Cochabamba;Tiquipaya;Concejales;MTS;2;3
2021;Cochabamba;Tiquipaya;Concejales;SUMATE;3;3
2021;Cochabamba;Tiraque;Alcalde;MAS-IPSP;1;3
2021;Cochabamba;Tiraque;Concejales;MAS-IPSP;6;3
2021;Cochabamba;Tiraque;Concejales;PARCA;1;3
2021;Cochabamba;Toco;Alcalde;MAS-IPSP;1;3
2021;Cochabamba;Toco;Concejales;MAS-IPSP;3;3
2021;Cochabamba;Toco;Concejales;MTS;1;3
2021;Cochabamba;Toco;Concejales;SUMATE;1;3
2021;Cochabamba;Tolata;Alcalde;MAS-IPSP;1;3
2021;Cochabamba;Tolata;Concejales;MAS-IPSP;3;3
2021;Cochabamba;Tolata;Concejales;SOMOS;1;3
2021;Cochabamba;Tolata;Concejales;SUMATE;1;3
2021;Cochabamba;Totora;Alcalde;MAS-IPSP;1;3
2021;Cochabamba;Totora;Concejales;MAS-IPSP;5;3
2021;Cochabamba;Vacas;Alcalde;MAS-IPSP;1;3
2021;Cochabamba;Vacas;Concejales;MAS-IPSP;4;3
2021;Cochabamba;Vacas;Concejales;MTS;1;3
2021;Cochabamba;Vila Vila;Alcalde;MAS-IPSP;1;3
2021;Cochabamba;Vila Vila;Concejales;MAS-IPSP;5;3
2021;Cochabamba;Villa Gualberto Villarroel;Alcalde;MAS-IPSP;1;3
2021;Cochabamba;Villa Gualberto Villarroel;Concejales;MAS-IPSP;4;3
2021;Cochabamba;Villa Gualberto Villarroel;Concejales;MTS;1;3
2021;Cochabamba;Villa Rivero;Alcalde;JESUCA;1;3
2021;Cochabamba;Villa Rivero;Concejales;JESUCA;2;3
2021;Cochabamba;Villa Rivero;Concejales;MAS-IPSP;3;3
2021;Cochabamba;Villa Tunari;Alcalde;MAS-IPSP;1;3
2021;Cochabamba;Villa Tunari;Concejales;MAS-IPSP;9;3
2021;Cochabamba;Vinto;Alcalde;MAS-IPSP;1;3
2021;Cochabamba;Vinto;Concejales;MAS-IPSP;5;3
2021;Cochabamba;Vinto;Concejales;PPS;1;3
2021;Cochabamba;Vinto;Concejales;SUMATE;1;3
2021;Cochabamba;Vinto;Concejales;UNE;2;3
2021;Oruro;Andamarca;Alcalde;MAS-IPSP;1;4
2021;Oruro;Andamarca;Concejales;MAS-IPSP;4;4
2021;Oruro;Antequera;Alcalde;MAS-IPSP;1;4
2021;Oruro;Antequera;Concejales;BST;1;4
2021;Oruro;Antequera;Concejales;MAS-IPSP;3;4
2021;Oruro;Antequera;Concejales;TCA;1;4
2021;Oruro;Belén de Andamarca;Alcalde;MAS-IPSP;1;4
2021;Oruro;Belén de Andamarca;Concejales;MAS-IPSP;4;4
2021;Oruro;Belén de Andamarca;Concejales;MTS;1;4
2021;Oruro;Caracollo;Alcalde;MAS-IPSP;1;4
2021;Oruro;Caracollo;Concejales;MAS-IPSP;6;4
2021;Oruro;Caracollo;Concejales;UN SOL PARA ORURO;1;4
2021;Oruro;Carangas;Alcalde;MAS-IPSP;1;4
2021;Oruro;Carangas;Concejales;MAS-IPSP;5;4
2021;Oruro;Challapata;Alcalde;MAS-IPSP;1;4
2021;Oruro;Challapata;Concejales;MAS-IPSP;4;4
2021;Oruro;Challapata;Concejales;SAM;3;4
2021;Oruro;Choquecota;Alcalde;MAS-IPSP;1;4
2021;Oruro;Choquecota;Concejales;MAS-IPSP;4;4
2021;Oruro;Choquecota;Concejales;MTS;1;4
2021;Oruro;Coipasa;Alcalde;PP;1;4
2021;Oruro;Coipasa;Concejales;MAS-IPSP;2;4
2021;Oruro;Coipasa;Concejales;PP;3;4
2021;Oruro;Corque;Alcalde;APU;1;4
2021;Oruro;Corque;Concejales;APU;2;4
2021;Oruro;Corque;Concejales;MAS-IPSP;3;4
2021;Oruro;Cruz de Machacamarca;Alcalde;MAS-IPSP;1;4
2021;Oruro;Cruz de Machacamarca;Concejales;MAS-IPSP;3;4
2021;Oruro;Cruz de Machacamarca;Concejales;PP;2;4
2021;Oruro;Curahuara de Carangas;Alcalde;MAS-IPSP;1;4
2021;Oruro;Curahuara de Carangas;Concejales;MAS-IPSP;3;4
2021;Oruro;Curahuara de Carangas;Concejales;MTS;2;4
2021;Oruro;El Choro;Alcalde;MAS-IPSP;1;4
2021;Oruro;El Choro;Concejales;BST;1;4
2021;Oruro;El Choro;Concejales;MAS-IPSP;3;4
2021;Oruro;El Choro;Concejales;UN SOL PARA ORURO;1;4
2021;Oruro;Escara;Alcalde;MAS-IPSP;1;4
2021;Oruro;Escara;Concejales;MAS-IPSP;3;4
2021;Oruro;Escara;Concejales;UN SOL PARA ORURO;2;4
2021;Oruro;Esmeralda;Alcalde;PP;1;4
2021;Oruro;Esmeralda;Concejales;MAS-IPSP;2;4
2021;Oruro;Esmeralda;Concejales;PP;2;4
2021;Oruro;Esmeralda;Concejales;UN SOL PARA ORURO;1;4
2021;Oruro;Eucaliptus;Alcalde;MAS-IPSP;1;4
2021;Oruro;Eucaliptus;Concejales;BST;1;4
2021;Oruro;Eucaliptus;Concejales;MAS-IPSP;4;4
2021;Oruro;Huachacalla;Alcalde;MAS-IPSP;1;4
2021;Oruro;Huachacalla;Concejales;MAS-IPSP;5;4
2021;Oruro;Huanuni;Alcalde;MTS;1;4
2021;Oruro;Huanuni;Concejales;MAS-IPSP;3;4
2021;Oruro;Huanuni;Concejales;MTS;4;4
2021;Oruro;Huayllamarca;Alcalde;MAS-IPSP;1;4
2021;Oruro;Huayllamarca;Concejales;MAS-IPSP;4;4
2021;Oruro;Huayllamarca;Concejales;MTS;1;4
2021;Oruro;La Rivera;Alcalde;MAS-IPSP;1;4
2021;Oruro;La Rivera;Concejales;MAS-IPSP;5;4
2021;Oruro;Machacamarca;Alcalde;BST;1;4
2021;Oruro;Machacamarca;Concejales;BST;2;4
2021;Oruro;Machacamarca;Concejales;C-A;1;4
2021;Oruro;Machacamarca;Concejales;MAS-IPSP;2;4
2021;Oruro;Oruro;Alcalde;MAS-IPSP;1;4
2021;Oruro;Oruro;Concejales;BST;1;4
2021;Oruro;Oruro;Concejales;MAS-IPSP;5;4
2021;Oruro;Oruro;Concejales;PDC;1;4
2021;Oruro;Oruro;Concejales;UN SOL PARA ORURO;4;4
2021;Oruro;Pampa Aullagas;Alcalde;MAS-IPSP;1;4
2021;Oruro;Pampa Aullagas;Concejales;MAS-IPSP;4;4
2021;Oruro;Pampa Aullagas;Concejales;UNICO;1;4
2021;Oruro;Paria (Soracachi);Alcalde;MAS-IPSP;1;4
2021;Oruro;Paria (Soracachi);Concejales;FIC;2;4
2021;Oruro;Paria (Soracachi);Concejales;MAS-IPSP;3;4
2021;Oruro;Pazña;Alcalde;MAS-IPSP;1;4
2021;Oruro;Pazña;Concejales;BST;1;4
2021;Oruro;Pazña;Concejales;MAS-IPSP;3;4
2021;Oruro;Pazña;Concejales;TCA;1;4
2021;Oruro;Poopó;Alcalde;MAS-IPSP;1;4
2021;Oruro;Poopó;Concejales;MAS-IPSP;3;4
2021;Oruro;Poopó;Concejales;PP;2;4
2021;Oruro;Sabaya;Alcalde;MAS-IPSP;1;4
2021;Oruro;Sabaya;Concejales;MAS-IPSP;3;4
2021;Oruro;Sabaya;Concejales;PP;2;4
2021;Oruro;Santiago de Huari;Alcalde;MAS-IPSP;1;4
2021;Oruro;Santiago de Huari;Concejales;BST;2;4
2021;Oruro;Santiago de Huari;Concejales;MAS-IPSP;3;4
2021;Oruro;Santuario de Quillacas;Alcalde;MAS-IPSP;1;4
2021;Oruro;Santuario de Quillacas;Concejales;BST;2;4
2021;Oruro;Santuario de Quillacas;Concejales;MAS-IPSP;3;4
2021;Oruro;Todos Santos;Alcalde;MAS-IPSP;1;4
2021;Oruro;Todos Santos;Concejales;MAS-IPSP;4;4
2021;Oruro;Toledo;Alcalde;MAS-IPSP;1;4
2021;Oruro;Toledo;Concejales;MAS-IPSP;2;4
2021;Oruro;Toledo;Concejales;MTS;2;4
2021;Oruro;Toledo;Concejales;UN SOL PARA ORURO;1;4
2021;Oruro;Totora;Alcalde;MAS-IPSP;1;4
2021;Oruro;Totora;Concejales;MAS-IPSP;4;4
2021;Oruro;Totora;Concejales;UN SOL PARA ORURO;1;4
2021;Oruro;Turco;Alcalde;MAS-IPSP;1;4
2021;Oruro;Turco;Concejales;BST;1;4
2021;Oruro;Turco;Concejales;MAS-IPSP;3;4
2021;Oruro;Turco;Concejales;PP;1;4
2021;Oruro;Yunguyo del Litoral;Alcalde;MAS-IPSP;1;4
2021;Oruro;Yunguyo del Litoral;Concejales;MAS-IPSP;5;4
2021;Potosí;Acasio;Alcalde;MAS-IPSP;1;5
2021;Potosí;Acasio;Concejales;MAS-IPSP;5;5
2021;Potosí;Arampampa;Alcalde;MAS-IPSP;1;5
2021;Potosí;Arampampa;Concejales;MAS-IPSP;4;5
2021;Potosí;Arampampa;Concejales;MTS;1;5
2021;Potosí;Atocha;Alcalde;MAS-IPSP;1;5
2021;Potosí;Atocha;Concejales;C-A;1;5
2021;Potosí;Atocha;Concejales;MAS-IPSP;4;5
2021;Potosí;Betanzos;Alcalde;MAS-IPSP;1;5
2021;Potosí;Betanzos;Concejales;A.S.;1;5
2021;Potosí;Betanzos;Concejales;MAS-IPSP;5;5
2021;Potosí;Betanzos;Concejales;MOP;1;5
2021;Potosí;Caiza “D”;Alcalde;MAS-IPSP;1;5
2021;Potosí;Caiza “D”;Concejales;AAOQ;2;5
2021;Potosí;Caiza “D”;Concejales;MAS-IPSP;3;5
2021;Potosí;Caripuyo;Alcalde;MAS-IPSP;1;5
2021;Potosí;Caripuyo;Concejales;MAS-IPSP;4;5
2021;Potosí;Caripuyo;Concejales;MOP;1;5
2021;Potosí;Chaquí;Alcalde;MAS-IPSP;1;5
2021;Potosí;Chaquí;Concejales;CAOCH;2;5
2021;Potosí;Chaquí;Concejales;MAS-IPSP;3;5
2021;Potosí;Chayanta;Alcalde;MAS-IPSP;1;5
2021;Potosí;Chayanta;Concejales;A.S.;1;5
2021;Potosí;Chayanta;Concejales;MAS-IPSP;5;5
2021;Potosí;Chayanta;Concejales;MOP;1;5
2021;Potosí;Chuquihuta;Alcalde;MAS-IPSP;1;5
2021;Potosí;Chuquihuta;Concejales;A.S.;2;5
2021;Potosí;Chuquihuta;Concejales;MAS-IPSP;3;5
2021;Potosí;Ckochas;Alcalde;MAS-IPSP;1;5
2021;Potosí;Ckochas;Concejales;MAS-IPSP;6;5
2021;Potosí;Ckochas;Concejales;PUKA SUNQU;1;5
2021;Potosí;Colcha “K”;Alcalde;MAS-IPSP;1;5
2021;Potosí;Colcha “K”;Concejales;A.S.;2;5
2021;Potosí;Colcha “K”;Concejales;MAS-IPSP;3;5
2021;Potosí;Colquechaca;Alcalde;MAS-IPSP;1;5
2021;Potosí;Colquechaca;Concejales;MAS-IPSP;6;5
2021;Potosí;Colquechaca;Concejales;MOP;1;5
2021;Potosí;Cotagaita;Alcalde;MAS-IPSP;1;5
2021;Potosí;Cotagaita;Concejales;AAOQ;3;5
2021;Potosí;Cotagaita;Concejales;MAS-IPSP;4;5
2021;Potosí;Llallagua;Alcalde;MAS-IPSP;1;5
2021;Potosí;Llallagua;Concejales;A.S.;3;5
2021;Potosí;Llallagua;Concejales;MAS-IPSP;4;5
2021;Potosí;Llica;Alcalde;MOP;1;5
2021;Potosí;Llica;Concejales;MAS-IPSP;2;5
2021;Potosí;Llica;Concejales;MOP;3;5
2021;Potosí;Mojinete;Alcalde;MAS-IPSP;1;5
2021;Potosí;Mojinete;Concejales;MAS-IPSP;2;5
2021;Potosí;Mojinete;Concejales;MOP;1;5
2021;Potosí;Ocurí;Alcalde;MAS-IPSP;1;5
2021;Potosí;Ocurí;Concejales;A.S.;1;5
2021;Potosí;Ocurí;Concejales;MAS-IPSP;3;5
2021;Potosí;Ocurí;Concejales;PSR;2;5
2021;Potosí;Pocoata;Alcalde;MAS-IPSP;1;5
2021;Potosí;Pocoata;Concejales;MAS-IPSP;5;5
2021;Potosí;Pocoata;Concejales;MOP;2;5
2021;Potosí;Porco;Alcalde;PUKA SUNQU;1;5
2021;Potosí;Porco;Concejales;C-A;1;5
2021;Potosí;Porco;Concejales;MAS-IPSP;1;5
2021;Potosí;Porco;Concejales;PUKA SUNQU;2;5
2021;Potosí;Porco;Concejales;UCS;1;5
2021;Potosí;Potosí;Alcalde;MCP;1;5
2021;Potosí;Potosí;Concejales;AS;4;5
2021;Potosí;Potosí;Concejales;DEMOCRATAS;1;5
2021;Potosí;Potosí;Concejales;MAS-IPSP;2;5
2021;Potosí;Potosí;Concejales;MCP;4;5
2021;Potosí;Puna;Alcalde;MAS-IPSP;1;5
2021;Potosí;Puna;Concejales;AAOQ;2;5
2021;Potosí;Puna;Concejales;AINI;1;5
2021;Potosí;Puna;Concejales;MAS-IPSP;4;5
2021;Potosí;Ravelo;Alcalde;MAS-IPSP;1;5
2021;Potosí;Ravelo;Concejales;A.S.;1;5
2021;Potosí;Ravelo;Concejales;MAS-IPSP;5;5
2021;Potosí;Sacaca;Alcalde;MAS-IPSP;1;5
2021;Potosí;Sacaca;Concejales;MAS-IPSP;6;5
2021;Potosí;Sacaca;Concejales;MTS;1;5
2021;Potosí;San Agustín;Alcalde;MAS-IPSP;1;5
2021;Potosí;San Agustín;Concejales;MAS-IPSP;4;5
2021;Potosí;San Antonio de Esmoruco;Alcalde;MAS-IPSP;1;5
2021;Potosí;San Antonio de Esmoruco;Concejales;MAS-IPSP;4;5
2021;Potosí;San Antonio de Esmoruco;Concejales;MOP;1;5
2021;Potosí;San Pablo de Lípez;Alcalde;AS;1;5
2021;Potosí;San Pablo de Lípez;Concejales;A.S.;2;5
2021;Potosí;San Pablo de Lípez;Concejales;MAS-IPSP;3;5
2021;Potosí;San Pedro de Buena Vista;Alcalde;MAS-IPSP;1;5
2021;Potosí;San Pedro de Buena Vista;Concejales;MAS-IPSP;6;5
2021;Potosí;San Pedro de Buena Vista;Concejales;MOP;1;5
2021;Potosí;San Pedro de Macha;Alcalde;MAS-IPSP;1;5
2021;Potosí;San Pedro de Macha;Concejales;MAS-IPSP;7;5
2021;Potosí;San Pedro de Quemes;Alcalde;MAS-IPSP;1;5
2021;Potosí;San Pedro de Quemes;Concejales;A.S.;1;5
2021;Potosí;San Pedro de Quemes;Concejales;MAS-IPSP;3;5
2021;Potosí;Tacobamba;Alcalde;MAS-IPSP;1;5
2021;Potosí;Tacobamba;Concejales;AAOQ;1;5
2021;Potosí;Tacobamba;Concejales;MAS-IPSP;4;5
2021;Potosí;Tahua;Alcalde;MAS-IPSP;1;5
2021;Potosí;Tahua;Concejales;MAS-IPSP;3;5
2021;Potosí;Tahua;Concejales;MOP;2;5
2021;Potosí;Tinguipaya;Alcalde;MAS-IPSP;1;5
2021;Potosí;Tinguipaya;Concejales;AAOQ;1;5
2021;Potosí;Tinguipaya;Concejales;MAS-IPSP;6;5
2021;Potosí;Tomave;Alcalde;MAS-IPSP;1;5
2021;Potosí;Tomave;Concejales;A.S.;1;5
2021;Potosí;Tomave;Concejales;JAY;1;5
2021;Potosí;Tomave;Concejales;MAS-IPSP;3;5
2021;Potosí;Toro Toro;Alcalde;MAS-IPSP;1;5
2021;Potosí;Toro Toro;Concejales;MAS-IPSP;4;5
2021;Potosí;Toro Toro;Concejales;MTS;1;5
2021;Potosí;Tupiza;Alcalde;MAS-IPSP;1;5
2021;Potosí;Tupiza;Concejales;MAS-IPSP;3;5
2021;Potosí;Tupiza;Concejales;MOP;2;5
2021;Potosí;Tupiza;Concejales;MTS;1;5
2021;Potosí;Tupiza;Concejales;PAN-BOL;1;5
2021;Potosí;Uncía;Alcalde;AS;1;5
2021;Potosí;Uncía;Concejales;A.S.;3;5
2021;Potosí;Uncía;Concejales;AS;1;5
2021;Potosí;Uncía;Concejales;MAS-IPSP;3;5
2021;Potosí;Urmiri;Alcalde;MAS-IPSP;1;5
2021;Potosí;Urmiri;Concejales;MAS-IPSP;5;5
2021;Potosí;Uyuni;Alcalde;MAS-IPSP;1;5
2021;Potosí;Uyuni;Concejales;C-A;2;5
2021;Potosí;Uyuni;Concejales;MAS-IPSP;3;5
2021;Potosí;Uyuni;Concejales;MOP;1;5
2021;Potosí;Uyuni;Concejales;PUKA SUNQU;1;5
2021;Potosí;Villazón;Alcalde;MAS-IPSP;1;5
2021;Potosí;Villazón;Concejales;A.S.;1;5
2021;Potosí;Villazón;Concejales;MAS-IPSP;3;5
2021;Potosí;Villazón;Concejales;MTS;2;5
2021;Potosí;Villazón;Concejales;PUKA SUNQU;1;5
2021;Potosí;Vitichi;Alcalde;CONACH-W;1;5
2021;Potosí;Vitichi;Concejales;A.S.;1;5
2021;Potosí;Vitichi;Concejales;CONACH-W;2;5
2021;Potosí;Vitichi;Concejales;MAS-IPSP;2;5
2021;Potosí;Yocalla;Alcalde;MAS-IPSP;1;5
2021;Potosí;Yocalla;Concejales;C-A;1;5
2021;Potosí;Yocalla;Concejales;MAS-IPSP;3;5
2021;Potosí;Yocalla;Concejales;MOP;1;5
2021;Tarija;Bermejo;Alcalde;MAS-IPSP;1;6
2021;Tarija;Bermejo;Concejales;FPV;1;6
2021;Tarija;Bermejo;Concejales;MAS-IPSP;2;6
2021;Tarija;Bermejo;Concejales;TODOS;1;6
2021;Tarija;Bermejo;Concejales;UCS;1;6
2021;Tarija;Bermejo;Concejales;UNIDOS;2;6
2021;Tarija;Caraparí;Alcalde;MAS-IPSP;1;6
2021;Tarija;Caraparí;Concejales;ISA;2;6
2021;Tarija;Caraparí;Concejales;MAS-IPSP;3;6
2021;Tarija;Caraparí;Concejales;UNIDOS;2;6
2021;Tarija;El Puente;Alcalde;MAS-IPSP;1;6
2021;Tarija;El Puente;Concejales;MAS-IPSP;2;6
2021;Tarija;El Puente;Concejales;TODOS;2;6
2021;Tarija;El Puente;Concejales;UNIDOS;1;6
2021;Tarija;Entre Ríos;Alcalde;UNIDOS;1;6
2021;Tarija;Entre Ríos;Concejales;MAS-IPSP;3;6
2021;Tarija;Entre Ríos;Concejales;UNIDOS;4;6
2021;Tarija;Padcaya;Alcalde;MAS-IPSP;1;6
2021;Tarija;Padcaya;Concejales;MAS-IPSP;3;6
2021;Tarija;Padcaya;Concejales;MTS;1;6
2021;Tarija;Padcaya;Concejales;TODOS;1;6
2021;Tarija;Padcaya;Concejales;UNIDOS;2;6
2021;Tarija;San Lorenzo;Alcalde;MAS-IPSP;1;6
2021;Tarija;San Lorenzo;Concejales;MAS-IPSP;3;6
2021;Tarija;San Lorenzo;Concejales;TODOS;2;6
2021;Tarija;San Lorenzo;Concejales;UNIDOS;2;6
2021;Tarija;Tarija;Alcalde;UNIDOS;1;6
2021;Tarija;Tarija;Concejales;MAS-IPSP;3;6
2021;Tarija;Tarija;Concejales;MTS;1;6
2021;Tarija;Tarija;Concejales;TODOS;1;6
2021;Tarija;Tarija;Concejales;UNIDOS;6;6
2021;Tarija;Uriondo;Alcalde;UNIDOS;1;6
2021;Tarija;Uriondo;Concejales;MAS-IPSP;2;6
2021;Tarija;Uriondo;Concejales;TODOS;1;6
2021;Tarija;Uriondo;Concejales;UNIDOS;2;6
2021;Tarija;Villa Montes;Alcalde;MAS-IPSP;1;6
2021;Tarija;Villa Montes;Concejales;MAS-IPSP;4;6
2021;Tarija;Villa Montes;Concejales;TODOS;3;6
2021;Tarija;Yacuiba;Alcalde;MAS-IPSP;1;6
2021;Tarija;Yacuiba;Concejales;MAS-IPSP;6;6
2021;Tarija;Yacuiba;Concejales;TODOS;2;6
2021;Tarija;Yacuiba;Concejales;UNIDOS;3;6
2021;Tarija;Yunchará;Alcalde;MAS-IPSP;1;6
2021;Tarija;Yunchará;Concejales;MAS-IPSP;3;6
2021;Tarija;Yunchará;Concejales;TPT;1;6
2021;Tarija;Yunchará;Concejales;UNIDOS;1;6
2021;Santa Cruz;Ascención de Guarayos;Alcalde;UNIDOS;1;7
2021;Santa Cruz;Ascención de Guarayos;Concejales;MAS-IPSP;2;7
2021;Santa Cruz;Ascención de Guarayos;Concejales;UNIDOS;5;7
2021;Santa Cruz;Boyuibe;Alcalde;MAS-IPSP;1;7
2021;Santa Cruz;Boyuibe;Concejales;CREEMOS;1;7
2021;Santa Cruz;Boyuibe;Concejales;MAS-IPSP;3;7
2021;Santa Cruz;Boyuibe;Concejales;MNR;1;7
2021;Santa Cruz;Buena Vista;Alcalde;MAS-IPSP;1;7
2021;Santa Cruz;Buena Vista;Concejales;DEMOCRATAS;2;7
2021;Santa Cruz;Buena Vista;Concejales;MAS-IPSP;2;7
2021;Santa Cruz;Buena Vista;Concejales;UNIDOS;1;7
2021;Santa Cruz;Cabezas;Alcalde;MAS-IPSP;1;7
2021;Santa Cruz;Cabezas;Concejales;CREEMOS;1;7
2021;Santa Cruz;Cabezas;Concejales;DEMOCRATAS;3;7
2021;Santa Cruz;Cabezas;Concejales;MAS-IPSP;3;7
2021;Santa Cruz;Camiri;Alcalde;C-A;1;7
2021;Santa Cruz;Camiri;Concejales;C-A;3;7
2021;Santa Cruz;Camiri;Concejales;CREEMOS;4;7
2021;Santa Cruz;Colpa Bélgica;Alcalde;SCB;1;7
2021;Santa Cruz;Colpa Bélgica;Concejales;CREEMOS;1;7
2021;Santa Cruz;Colpa Bélgica;Concejales;SOL;1;7
2021;Santa Cruz;Colpa Bélgica;Concejales;SOMOS COLPA BELGICA;1;7
2021;Santa Cruz;Colpa Bélgica;Concejales;SOMOS COLPA BÉLGICA;1;7
2021;Santa Cruz;Colpa Bélgica;Concejales;UNIDOS;1;7
2021;Santa Cruz;Comarapa;Alcalde;MAS-IPSP;1;7
2021;Santa Cruz;Comarapa;Concejales;DEMOCRATAS;1;7
2021;Santa Cruz;Comarapa;Concejales;MAS-IPSP;4;7
2021;Santa Cruz;Comarapa;Concejales;UNIDOS;2;7
2021;Santa Cruz;Concepción;Alcalde;CREEMOS;1;7
2021;Santa Cruz;Concepción;Concejales;CREEMOS;2;7
2021;Santa Cruz;Concepción;Concejales;MAS-IPSP;2;7
2021;Santa Cruz;Concepción;Concejales;PC;2;7
2021;Santa Cruz;Concepción;Concejales;UNIDOS;1;7
2021;Santa Cruz;Cotoca;Alcalde;CREEMOS;1;7
2021;Santa Cruz;Cotoca;Concejales;CREEMOS;3;7
2021;Santa Cruz;Cotoca;Concejales;MAS-IPSP;2;7
2021;Santa Cruz;Cotoca;Concejales;MTS;2;7
2021;Santa Cruz;Cuatro Cañadas;Alcalde;MAS-IPSP;1;7
2021;Santa Cruz;Cuatro Cañadas;Concejales;MAS-IPSP;4;7
2021;Santa Cruz;Cuatro Cañadas;Concejales;UNIDOS;3;7
2021;Santa Cruz;Cuevo;Alcalde;DEMOCRATAS;1;7
2021;Santa Cruz;Cuevo;Concejales;DEMOCRATAS;3;7
2021;Santa Cruz;Cuevo;Concejales;MAS-IPSP;2;7
2021;Santa Cruz;El Carmen Rivero Torrez;Alcalde;UNIDOS;1;7
2021;Santa Cruz;El Carmen Rivero Torrez;Concejales;MAS-IPSP;2;7
2021;Santa Cruz;El Carmen Rivero Torrez;Concejales;UNIDOS;3;7
2021;Santa Cruz;El Puente;Alcalde;MAS-IPSP;1;7
2021;Santa Cruz;El Puente;Concejales;MAS-IPSP;4;7
2021;Santa Cruz;El Puente;Concejales;PUEBLO GUARAYO;1;7
2021;Santa Cruz;El Torno;Alcalde;MAS-IPSP;1;7
2021;Santa Cruz;El Torno;Concejales;DEMOCRATAS;3;7
2021;Santa Cruz;El Torno;Concejales;MAS-IPSP;3;7
2021;Santa Cruz;El Torno;Concejales;UNIDOS;1;7
2021;Santa Cruz;Fernández Alonzo;Alcalde;MAS-IPSP;1;7
2021;Santa Cruz;Fernández Alonzo;Concejales;ASIP;1;7
2021;Santa Cruz;Fernández Alonzo;Concejales;DEMOCRATAS;1;7
2021;Santa Cruz;Fernández Alonzo;Concejales;MAS-IPSP;5;7
2021;Santa Cruz;General Agustín Saavedra;Alcalde;MAS-IPSP;1;7
2021;Santa Cruz;General Agustín Saavedra;Concejales;CREEMOS;1;7
2021;Santa Cruz;General Agustín Saavedra;Concejales;DEMOCRATAS;1;7
2021;Santa Cruz;General Agustín Saavedra;Concejales;MAS-IPSP;2;7
2021;Santa Cruz;General Agustín Saavedra;Concejales;MNR;1;7
2021;Santa Cruz;La Guardia;Alcalde;MAS-IPSP;1;7
2021;Santa Cruz;La Guardia;Concejales;CREEMOS;2;7
2021;Santa Cruz;La Guardia;Concejales;MAS IPSP;4;7
2021;Santa Cruz;La Guardia;Concejales;SPT;2;7
2021;Santa Cruz;La Guardia;Concejales;VOCES;3;7
2021;Santa Cruz;Lagunillas;Alcalde;ASIP;1;7
2021;Santa Cruz;Lagunillas;Concejales;ASIP;1;7
2021;Santa Cruz;Lagunillas;Concejales;MAS-IPSP;2;7
2021;Santa Cruz;Lagunillas;Concejales;SOL;1;7
2021;Santa Cruz;Lagunillas;Concejales;SPT;1;7
2021;Santa Cruz;Mairana;Alcalde;MAS-IPSP;1;7
2021;Santa Cruz;Mairana;Concejales;MAS-IPSP;3;7
2021;Santa Cruz;Mairana;Concejales;MTS;1;7
2021;Santa Cruz;Mairana;Concejales;UNIDOS;1;7
2021;Santa Cruz;Mineros;Alcalde;UCS;1;7
2021;Santa Cruz;Mineros;Concejales;MAS-IPSP;2;7
2021;Santa Cruz;Mineros;Concejales;MTS;1;7
2021;Santa Cruz;Mineros;Concejales;SOL;1;7
2021;Santa Cruz;Mineros;Concejales;UCS;3;7
2021;Santa Cruz;Montero;Alcalde;CREEMOS;1;7
2021;Santa Cruz;Montero;Concejales;CREEMOS;6;7
2021;Santa Cruz;Montero;Concejales;MAS-IPSP;5;7
2021;Santa Cruz;Moromoro;Alcalde;MAS-IPSP;1;7
2021;Santa Cruz;Moromoro;Concejales;DEMOCRATAS;2;7
2021;Santa Cruz;Moromoro;Concejales;MAS-IPSP;3;7
2021;Santa Cruz;Okinawa Uno;Alcalde;DEMOCRATAS;1;7
2021;Santa Cruz;Okinawa Uno;Concejales;CAMPO;1;7
2021;Santa Cruz;Okinawa Uno;Concejales;DEMOCRATAS;2;7
2021;Santa Cruz;Okinawa Uno;Concejales;FE;1;7
2021;Santa Cruz;Okinawa Uno;Concejales;MAS-IPSP;1;7
2021;Santa Cruz;Pailón;Alcalde;MAS-IPSP;1;7
2021;Santa Cruz;Pailón;Concejales;CREEMOS;2;7
2021;Santa Cruz;Pailón;Concejales;MAS-IPSP;3;7
2021;Santa Cruz;Pailón;Concejales;UNIDOS;2;7
2021;Santa Cruz;Pampa Grande;Alcalde;MAS-IPSP;1;7
2021;Santa Cruz;Pampa Grande;Concejales;CREEMOS;1;7
2021;Santa Cruz;Pampa Grande;Concejales;DEMOCRATAS;1;7
2021;Santa Cruz;Pampa Grande;Concejales;MAS-IPSP;3;7
2021;Santa Cruz;Porongo;Alcalde;TPP;1;7
2021;Santa Cruz;Porongo;Concejales;CREEMOS;1;7
2021;Santa Cruz;Porongo;Concejales;FE;1;7
2021;Santa Cruz;Porongo;Concejales;NEGROS;2;7
2021;Santa Cruz;Porongo;Concejales;SOL;1;7
2021;Santa Cruz;Porongo;Concejales;TPP;2;7
2021;Santa Cruz;Portachuelo;Alcalde;SOL;1;7
2021;Santa Cruz;Portachuelo;Concejales;ASIP;1;7
2021;Santa Cruz;Portachuelo;Concejales;CREEMOS;1;7
2021;Santa Cruz;Portachuelo;Concejales;DEMOCRATAS;1;7
2021;Santa Cruz;Portachuelo;Concejales;PACHO;1;7
2021;Santa Cruz;Portachuelo;Concejales;SOL;3;7
2021;Santa Cruz;Postrervalle;Alcalde;DEMOCRATAS;1;7
2021;Santa Cruz;Postrervalle;Concejales;C-A;1;7
2021;Santa Cruz;Postrervalle;Concejales;CREEMOS;1;7
2021;Santa Cruz;Postrervalle;Concejales;DEMOCRATAS;1;7
2021;Santa Cruz;Postrervalle;Concejales;MAS-IPSP;1;7
2021;Santa Cruz;Postrervalle;Concejales;UNIDOS;1;7
2021;Santa Cruz;Pucará;Alcalde;DEMOCRATAS;1;7
2021;Santa Cruz;Pucará;Concejales;CREEMOS;2;7
2021;Santa Cruz;Pucará;Concejales;MAS-IPSP;3;7
2021;Santa Cruz;Puerto Quijarro;Alcalde;MAS-IPSP;1;7
2021;Santa Cruz;Puerto Quijarro;Concejales;CREEMOS;1;7
2021;Santa Cruz;Puerto Quijarro;Concejales;MAS-IPSP;2;7
2021;Santa Cruz;Puerto Quijarro;Concejales;SOL;1;7
2021;Santa Cruz;Puerto Quijarro;Concejales;SPT;2;7
2021;Santa Cruz;Puerto Quijarro;Concejales;UNIDOS;1;7
2021;Santa Cruz;Puerto Suárez;Alcalde;CREEMOS;1;7
2021;Santa Cruz;Puerto Suárez;Concejales;CREEMOS;3;7
2021;Santa Cruz;Puerto Suárez;Concejales;DEMOCRATAS;1;7
2021;Santa Cruz;Puerto Suárez;Concejales;MAS-IPSP;1;7
2021;Santa Cruz;Puerto Suárez;Concejales;SOL;1;7
2021;Santa Cruz;Puerto Suárez;Concejales;SPT;1;7
2021;Santa Cruz;Quirusillas;Alcalde;DEMOCRATAS;1;7
2021;Santa Cruz;Quirusillas;Concejales;DEMOCRATAS;3;7
2021;Santa Cruz;Quirusillas;Concejales;MAS-IPSP;2;7
2021;Santa Cruz;Roboré;Alcalde;TPR;1;7
2021;Santa Cruz;Roboré;Concejales;CREEMOS;1;7
2021;Santa Cruz;Roboré;Concejales;MAS-IPSP;1;7
2021;Santa Cruz;Roboré;Concejales;MNR;2;7
2021;Santa Cruz;Roboré;Concejales;TPR;3;7
2021;Santa Cruz;Saipina;Alcalde;MAS-IPSP;1;7
2021;Santa Cruz;Saipina;Concejales;DEMOCRATAS;2;7
2021;Santa Cruz;Saipina;Concejales;MAS-IPSP;3;7
2021;Santa Cruz;Samaipata;Alcalde;MAS-IPSP;1;7
2021;Santa Cruz;Samaipata;Concejales;CREEMOS;1;7
2021;Santa Cruz;Samaipata;Concejales;DEMOCRATAS;1;7
2021;Santa Cruz;Samaipata;Concejales;MAS-IPSP;3;7
2021;Santa Cruz;San Antonio de Lomerío;Alcalde;CREEMOS;1;7
2021;Santa Cruz;San Antonio de Lomerío;Concejales;CREEMOS;3;7
2021;Santa Cruz;San Antonio de Lomerío;Concejales;MAS-IPSP;2;7
2021;Santa Cruz;San Carlos;Alcalde;MAS-IPSP;1;7
2021;Santa Cruz;San Carlos;Concejales;CREEMOS;1;7
2021;Santa Cruz;San Carlos;Concejales;DEMOCRATAS;2;7
2021;Santa Cruz;San Carlos;Concejales;FE;1;7
2021;Santa Cruz;San Carlos;Concejales;MAS-IPSP;3;7
2021;Santa Cruz;San Ignacio de Velasco;Alcalde;FE;1;7
2021;Santa Cruz;San Ignacio de Velasco;Concejales;CREEMOS;3;7
2021;Santa Cruz;San Ignacio de Velasco;Concejales;DEMOCRATAS;1;7
2021;Santa Cruz;San Ignacio de Velasco;Concejales;FE;3;7
2021;Santa Cruz;San Ignacio de Velasco;Concejales;MAS-IPSP;2;7
2021;Santa Cruz;San Javier;Alcalde;MAS-IPSP;1;7
2021;Santa Cruz;San Javier;Concejales;CREEMOS;1;7
2021;Santa Cruz;San Javier;Concejales;MAS-IPSP;3;7
2021;Santa Cruz;San Javier;Concejales;MNR;1;7
2021;Santa Cruz;San José;Alcalde;SOL;1;7
2021;Santa Cruz;San José;Concejales;DEMOCRATAS;1;7
2021;Santa Cruz;San José;Concejales;MAS-IPSP;3;7
2021;Santa Cruz;San José;Concejales;SOL;2;7
2021;Santa Cruz;San José;Concejales;UNIDOS;1;7
2021;Santa Cruz;San Juan;Alcalde;DEMOCRATAS;1;7
2021;Santa Cruz;San Juan;Concejales;DEMOCRATAS;2;7
2021;Santa Cruz;San Juan;Concejales;MAS-IPSP;1;7
2021;Santa Cruz;San Juan;Concejales;SAN JUAN XXI;2;7
2021;Santa Cruz;San Julián;Alcalde;MAS-IPSP;1;7
2021;Santa Cruz;San Julián;Concejales;FE;2;7
2021;Santa Cruz;San Julián;Concejales;MAS-IPSP;5;7
2021;Santa Cruz;San Matías;Alcalde;MATICO;1;7
2021;Santa Cruz;San Matías;Concejales;ASIP;1;7
2021;Santa Cruz;San Matías;Concejales;DEMOCRATAS;1;7
2021;Santa Cruz;San Matías;Concejales;MAS-IPSP;1;7
2021;Santa Cruz;San Matías;Concejales;MATICO;2;7
2021;Santa Cruz;San Miguel de Velasco;Alcalde;MAS-IPSP;1;7
2021;Santa Cruz;San Miguel de Velasco;Concejales;CREEMOS;1;7
2021;Santa Cruz;San Miguel de Velasco;Concejales;DEMOCRATAS;1;7
2021;Santa Cruz;San Miguel de Velasco;Concejales;MAS-IPSP;3;7
2021;Santa Cruz;San Pedro;Alcalde;MAS-IPSP;1;7
2021;Santa Cruz;San Pedro;Concejales;FE;3;7
2021;Santa Cruz;San Pedro;Concejales;MAS-IPSP;4;7
2021;Santa Cruz;San Rafael;Alcalde;CREEMOS;1;7
2021;Santa Cruz;San Rafael;Concejales;CREEMOS;3;7
2021;Santa Cruz;San Rafael;Concejales;MAS-IPSP;1;7
2021;Santa Cruz;San Rafael;Concejales;MNR;1;7
2021;Santa Cruz;San Ramón;Alcalde;MAS-IPSP;1;7
2021;Santa Cruz;San Ramón;Concejales;CREEMOS;2;7
2021;Santa Cruz;San Ramón;Concejales;MAS-IPSP;2;7
2021;Santa Cruz;San Ramón;Concejales;UNIDOS;1;7
2021;Santa Cruz;Santa Cruz de la Sierra;Alcalde;UCS;1;7
2021;Santa Cruz;Santa Cruz de la Sierra;Concejales;C-A;4;7
2021;Santa Cruz;Santa Cruz de la Sierra;Concejales;DEMOCRATAS;1;7
2021;Santa Cruz;Santa Cruz de la Sierra;Concejales;MAS-IPSP;2;7
2021;Santa Cruz;Santa Cruz de la Sierra;Concejales;UCS;4;7
2021;Santa Cruz;Santa Rosa;Alcalde;MAS-IPSP;1;7
2021;Santa Cruz;Santa Rosa;Concejales;CREEMOS;1;7
2021;Santa Cruz;Santa Rosa;Concejales;MAS-IPSP;4;7
2021;Santa Cruz;Santa Rosa;Concejales;SOL -CTC;2;7
2021;Santa Cruz;Trigal;Alcalde;CREEMOS;1;7
2021;Santa Cruz;Trigal;Concejales;CREEMOS;3;7
2021;Santa Cruz;Trigal;Concejales;MAS-IPSP;2;7
2021;Santa Cruz;Urubichá;Alcalde;UNIDOS;1;7
2021;Santa Cruz;Urubichá;Concejales;CREEMOS;1;7
2021;Santa Cruz;Urubichá;Concejales;MAS-IPSP;1;7
2021;Santa Cruz;Urubichá;Concejales;UNIDOS;3;7
2021;Santa Cruz;Vallegrande;Alcalde;VPT;1;7
2021;Santa Cruz;Vallegrande;Concejales;DEMOCRATAS;3;7
2021;Santa Cruz;Vallegrande;Concejales;MAS-IPSP;1;7
2021;Santa Cruz;Vallegrande;Concejales;VPT;3;7
2021;Santa Cruz;Warnes;Alcalde;MAS-IPSP;1;7
2021;Santa Cruz;Warnes;Concejales;APC;2;7
2021;Santa Cruz;Warnes;Concejales;CREEMOS;3;7
2021;Santa Cruz;Warnes;Concejales;MAS-IPSP;4;7
2021;Santa Cruz;Warnes;Concejales;SPT;2;7
2021;Santa Cruz;Yapacaní;Alcalde;MAS-IPSP;1;7
2021;Santa Cruz;Yapacaní;Concejales;MAS-IPSP;6;7
2021;Santa Cruz;Yapacaní;Concejales;MTS;2;7
2021;Santa Cruz;Yapacaní;Concejales;PUEBLO INDÍGENA YURACARÉ MOJEÑO;1;7
2021;Beni;Baures;Alcalde;MAS-IPSP;1;8
2021;Beni;Baures;Concejales;MAS-IPSP;3;8
2021;Beni;Baures;Concejales;TODOS;2;8
2021;Beni;Exaltación;Alcalde;MAS-IPSP;1;8
2021;Beni;Exaltación;Concejales;MAS-IPSP;3;8
2021;Beni;Exaltación;Concejales;MTS;2;8
2021;Beni;Guayaramerín;Alcalde;MAS-IPSP;1;8
2021;Beni;Guayaramerín;Concejales;CAMBIEMOS;1;8
2021;Beni;Guayaramerín;Concejales;MAS-IPSP;2;8
2021;Beni;Guayaramerín;Concejales;MTS;1;8
2021;Beni;Guayaramerín;Concejales;NACER;1;8
2021;Beni;Guayaramerín;Concejales;TODOS;1;8
2021;Beni;Guayaramerín;Concejales;UNEBENI;1;8
2021;Beni;Huacaraje;Alcalde;TODOS;1;8
2021;Beni;Huacaraje;Concejales;CAMBIEMOS;1;8
2021;Beni;Huacaraje;Concejales;MAS-IPSP;2;8
2021;Beni;Huacaraje;Concejales;TODOS;2;8
2021;Beni;Loreto;Alcalde;MAS-IPSP;1;8
2021;Beni;Loreto;Concejales;CAMBIEMOS;1;8
2021;Beni;Loreto;Concejales;CPEM-B;2;8
2021;Beni;Loreto;Concejales;MAS-IPSP;2;8
2021;Beni;Magdalena;Alcalde;TODOS;1;8
2021;Beni;Magdalena;Concejales;MAS-IPSP;2;8
2021;Beni;Magdalena;Concejales;TODOS;3;8
2021;Beni;Puerto Menor de Rurrenabaque;Alcalde;UNIDOS;1;8
2021;Beni;Puerto Menor de Rurrenabaque;Concejales;CAMBIEMOS;1;8
2021;Beni;Puerto Menor de Rurrenabaque;Concejales;MAS-IPSP;2;8
2021;Beni;Puerto Menor de Rurrenabaque;Concejales;UNIDOS;4;8
2021;Beni;Puerto Siles;Alcalde;TODOS;1;8
2021;Beni;Puerto Siles;Concejales;MAS-IPSP;2;8
2021;Beni;Puerto Siles;Concejales;TODOS;3;8
2021;Beni;Reyes;Alcalde;UNEBENI;1;8
2021;Beni;Reyes;Concejales;AHORA!;1;8
2021;Beni;Reyes;Concejales;CAMBIEMOS;1;8
2021;Beni;Reyes;Concejales;MAS-IPSP;1;8
2021;Beni;Reyes;Concejales;TODOS;1;8
2021;Beni;Reyes;Concejales;UNEBENI;1;8
2021;Beni;Riberalta;Alcalde;NACER;1;8
2021;Beni;Riberalta;Concejales;CAMBIEMOS;1;8
2021;Beni;Riberalta;Concejales;MAS-IPSP;2;8
2021;Beni;Riberalta;Concejales;MTS;2;8
2021;Beni;Riberalta;Concejales;NACER;5;8
2021;Beni;Riberalta;Concejales;TODOS;1;8
2021;Beni;San Andrés;Alcalde;MAS-IPSP;1;8
2021;Beni;San Andrés;Concejales;MAS-IPSP;3;8
2021;Beni;San Andrés;Concejales;MTS;1;8
2021;Beni;San Andrés;Concejales;NACER;1;8
2021;Beni;San Borja;Alcalde;TODOS;1;8
2021;Beni;San Borja;Concejales;MAS-IPSP;3;8
2021;Beni;San Borja;Concejales;TODOS;4;8
2021;Beni;San Ignacio;Alcalde;TODOS;1;8
2021;Beni;San Ignacio;Concejales;CPEM-B;1;8
2021;Beni;San Ignacio;Concejales;MAS-IPSP;3;8
2021;Beni;San Ignacio;Concejales;TODOS;3;8
2021;Beni;San Javier;Alcalde;SOMOS;1;8
2021;Beni;San Javier;Concejales;CPEM-B;1;8
2021;Beni;San Javier;Concejales;MAS-IPSP;1;8
2021;Beni;San Javier;Concejales;MTS;1;8
2021;Beni;San Javier;Concejales;SOMOS;2;8
2021;Beni;San Joaquín;Alcalde;MAS-IPSP;1;8
2021;Beni;San Joaquín;Concejales;MAS-IPSP;3;8
2021;Beni;San Joaquín;Concejales;TODOS;2;8
2021;Beni;San Ramón;Alcalde;MAS-IPSP;1;8
2021;Beni;San Ramón;Concejales;CAMBIEMOS;1;8
2021;Beni;San Ramón;Concejales;DEMÓCRATAS;2;8
2021;Beni;San Ramón;Concejales;MAS-IPSP;2;8
2021;Beni;Santa Ana;Alcalde;MTS;1;8
2021;Beni;Santa Ana;Concejales;MAS-IPSP;2;8
2021;Beni;Santa Ana;Concejales;MNR;1;8
2021;Beni;Santa Ana;Concejales;MTS;4;8
2021;Beni;Santa Rosa;Alcalde;MAS-IPSP;1;8
2021;Beni;Santa Rosa;Concejales;CAMBIEMOS;1;8
2021;Beni;Santa Rosa;Concejales;MAS-IPSP;2;8
2021;Beni;Santa Rosa;Concejales;TODOS;2;8
2021;Beni;Trinidad;Alcalde;MTS;1;8
2021;Beni;Trinidad;Concejales;AHORA!;2;8
2021;Beni;Trinidad;Concejales;MAS-IPSP;2;8
2021;Beni;Trinidad;Concejales;MTS;4;8
2021;Beni;Trinidad;Concejales;TODOS;3;8
2021;Pando;Bella Flor;Alcalde;MAS-IPSP;1;9
2021;Pando;Bella Flor;Concejales;CID;1;9
2021;Pando;Bella Flor;Concejales;MAS-IPSP;2;9
2021;Pando;Bella Flor;Concejales;MTS;2;9
2021;Pando;Bolpebra;Alcalde;MAS-IPSP;1;9
2021;Pando;Bolpebra;Concejales;CID;1;9
2021;Pando;Bolpebra;Concejales;MAS-IPSP;3;9
2021;Pando;Bolpebra;Concejales;PASO;1;9
2021;Pando;Cobija;Alcalde;MTS;1;9
2021;Pando;Cobija;Concejales;CID;2;9
2021;Pando;Cobija;Concejales;MAS-IPSP;4;9
2021;Pando;Cobija;Concejales;MDA;1;9
2021;Pando;Cobija;Concejales;MTS;4;9
2021;Pando;Filadelfia;Alcalde;MAS-IPSP;1;9
2021;Pando;Filadelfia;Concejales;CID;1;9
2021;Pando;Filadelfia;Concejales;MAS-IPSP;3;9
2021;Pando;Filadelfia;Concejales;PAN-BOL;1;9
2021;Pando;Ingavi;Alcalde;CID;1;9
2021;Pando;Ingavi;Concejales;CID;4;9
2021;Pando;Ingavi;Concejales;MAS-IPSP;1;9
2021;Pando;Nueva Esperanza;Alcalde;MAS-IPSP;1;9
2021;Pando;Nueva Esperanza;Concejales;MAS-IPSP;3;9
2021;Pando;Nueva Esperanza;Concejales;MDA;2;9
2021;Pando;Porvenir;Alcalde;MTS;1;9
2021;Pando;Porvenir;Concejales;CID;1;9
2021;Pando;Porvenir;Concejales;MAS-IPSP;1;9
2021;Pando;Porvenir;Concejales;MTS;2;9
2021;Pando;Porvenir;Concejales;PAN-BOL;1;9
2021;Pando;Puerto Gonzalo Moreno;Alcalde;MAS-IPSP;1;9
2021;Pando;Puerto Gonzalo Moreno;Concejales;MAS-IPSP;3;9
2021;Pando;Puerto Gonzalo Moreno;Concejales;MDA;2;9
2021;Pando;Puerto Rico;Alcalde;CID;1;9
2021;Pando;Puerto Rico;Concejales;CID;2;9
2021;Pando;Puerto Rico;Concejales;MAS-IPSP;2;9
2021;Pando;Puerto Rico;Concejales;PASO;1;9
2021;Pando;San Lorenzo;Alcalde;MAS-IPSP;1;9
2021;Pando;San Lorenzo;Concejales;MAS-IPSP;4;9
2021;Pando;San Lorenzo;Concejales;P.S.T.;1;9
2021;Pando;San Pedro;Alcalde;CID;1;9
2021;Pando;San Pedro;Concejales;CID;3;9
2021;Pando;San Pedro;Concejales;MAS-IPSP;2;9
2021;Pando;Santa Rosa;Alcalde;MAS-IPSP;1;9
2021;Pando;Santa Rosa;Concejales;CID;1;9
2021;Pando;Santa Rosa;Concejales;MAS-IPSP;3;9
2021;Pando;Santa Rosa;Concejales;P.S.T.;1;9
2021;Pando;Santos Mercado;Alcalde;CID;1;9
2021;Pando;Santos Mercado;Concejales;CID;2;9
2021;Pando;Santos Mercado;Concejales;MAS-IPSP;1;9
2021;Pando;Santos Mercado;Concejales;P.S.T.;1;9
2021;Pando;Santos Mercado;Concejales;VIDA;1;9
2021;Pando;Sena;Alcalde;MAS-IPSP;1;9
2021;Pando;Sena;Concejales;CID;2;9
2021;Pando;Sena;Concejales;MAS-IPSP;3;9
2021;Pando;Villa Nueva;Alcalde;PASO;1;9
2021;Pando;Villa Nueva;Concejales;CID;1;9
2021;Pando;Villa Nueva;Concejales;MAS-IPSP;2;9
2021;Pando;Villa Nueva;Concejales;PASO;2;9
